split,model,mse_delta_mean,mse_delta_std,mae_delta_mean,mae_delta_std,pearson_delta_mean,pearson_delta_std,topk_overlap_mean,topk_overlap_std,topk_direction_mean,topk_direction_std
val,mean_transfer,0.07889212,,0.21885021,,0.7451465919613838,,0.50625,,0.9512499999999999,
val,teachers/valmix,0.14097096,,0.29019824,,0.4247882716357708,,0.29125,,0.8025,
val,teachers/mean,0.14984788,,0.29919976,,0.3929153513163328,,0.30625,,0.78125,
val,teachers/t_residual,0.15442215,,0.30327493,,0.3572354974457994,,0.29,,0.71875,
val,teachers/t_module,0.16410032,,0.31806207,,0.30839310912415385,,0.26875,,0.70125,
val,supervised/valmix,0.16998139,,0.31756917,,0.2229268837836571,,0.22749999999999998,,0.65625,
val,kd/valmix,0.17069562,,0.3182661,,0.21518616190078318,,0.22749999999999998,,0.65125,
val,mutual/valmix,0.17081814,,0.3183803,,0.21373864775523543,,0.22999999999999998,,0.6475,
val,contrastive/valmix,0.17093118,,0.31850508,,0.21164986924268306,,0.22999999999999998,,0.6425,
val,mutual_contrastive/valmix,0.17104366,,0.31860834,,0.2103312599239871,,0.23125,,0.64125,
val,teachers/t_mlp,0.17109333,,0.31948957,,0.1369428803693154,,0.275,,0.60375,
val,supervised/mean,0.17260037,,0.3196571,,0.18853345771785826,,0.2225,,0.62875,
val,kd/mean,0.17331405,,0.32039574,,0.17900321236811578,,0.22374999999999998,,0.6275000000000001,
val,mutual/mean,0.17341523,,0.32049692,,0.17770690696052044,,0.22374999999999998,,0.625,
val,contrastive/mean,0.17344168,,0.32050604,,0.17732924478314088,,0.22374999999999998,,0.62625,
val,mutual_contrastive/mean,0.17353639,,0.3206007,,0.17612224733165932,,0.2225,,0.62625,
val,kd/s_residual,0.17713864,,0.32624182,,0.17708251333679073,,0.23374999999999999,,0.63375,
val,mutual/s_residual,0.17721155,,0.3263064,,0.17555605390807613,,0.23125,,0.63125,
val,supervised/s_residual,0.17721567,,0.326337,,0.1834440430975519,,0.23500000000000001,,0.62625,
val,contrastive/s_residual,0.17751805,,0.32657698,,0.17243825992882195,,0.2325,,0.62375,
val,mutual_contrastive/s_residual,0.17758252,,0.3266274,,0.1710761091362656,,0.2325,,0.6224999999999999,
val,mutual/s_mlp,0.17804882,,0.3243001,,0.105545035173418,,0.185,,0.5325,
val,kd/s_mlp,0.17805481,,0.32430127,,0.10544224924524315,,0.1875,,0.5325,
val,supervised/s_mlp,0.17809828,,0.32430464,,0.10485471147112549,,0.18625,,0.53125,
val,mutual_contrastive/s_mlp,0.17812288,,0.32440692,,0.10385217378207016,,0.1825,,0.5337500000000001,
val,contrastive/s_mlp,0.17812976,,0.32440895,,0.10374445726338308,,0.18125,,0.5337500000000001,
val,no_change,0.17963813,,0.326712,,,,,,0.0,
val,mutual_contrastive/s_module,0.20567307,,0.355997,,0.08237650746013969,,0.1925,,0.5862499999999999,
val,mutual/s_module,0.20572111,,0.35603338,,0.08175163151463494,,0.19375,,0.585,
val,contrastive/s_module,0.2057867,,0.35612422,,0.08276243150467053,,0.1925,,0.585,
val,kd/s_module,0.20583193,,0.35615683,,0.08214572998695076,,0.195,,0.5862499999999999,
val,supervised/s_module,0.20646593,,0.3568736,,0.08833877726574428,,0.195,,0.58875,
val,teachers/t_bilinear,0.21473765,,0.36471805,,0.09205401593353599,,0.2125,,0.5587500000000001,
val,mutual/s_bilinear,0.21925059,,0.3618108,,0.07564454833045602,,0.22749999999999998,,0.5387500000000001,
val,mutual_contrastive/s_bilinear,0.21928033,,0.36182222,,0.0756246040109545,,0.22749999999999998,,0.5387500000000001,
val,kd/s_bilinear,0.2192981,,0.36186057,,0.07592957484303042,,0.22749999999999998,,0.5387500000000001,
val,contrastive/s_bilinear,0.21932828,,0.361872,,0.0759070936939679,,0.22749999999999998,,0.5387500000000001,
val,supervised/s_bilinear,0.21951684,,0.36210278,,0.07967014972236938,,0.22125,,0.5375,
